Handle,Title,Body (HTML),Vendor,Product Category,Type,Tags,Published,Option1 Name,Option1 Value,Option2 Name,Option2 Value,Option3 Name,Option3 Value,Variant SKU,Variant Price,Variant Compare At Price,Variant Inventory Qty,Image Src,Status
vintage-tee-3,Vintage Tee #3,<p>The <strong>finest item 3</strong> from our old store.</p>,dataengine,,,"migrated-test, migratorpro-6de4650d",TRUE,Size,S,Color,Black,,,TEE-3-S-B,20.00,25.00,6,https://cdn.shopify.com/s/files/1/0525/7530/5903/files/31343C_7a659107-69ec-4058-b370-ee2d4b4d03c8.png?v=1783603586,active
vintage-tee-3,,,,,,,,,S,,White,,,TEE-3-S-W,21.00,26.00,7,,
vintage-tee-3,,,,,,,,,M,,Black,,,TEE-3-M-B,19.00,24.00,8,,
vintage-tee-3,,,,,,,,,M,,White,,,TEE-3-M-W,20.00,25.00,9,,
vintage-tee-3,,,,,,,,,L,,Black,,,TEE-3-L-B,21.00,26.00,10,,
vintage-tee-3,,,,,,,,,L,,White,,,TEE-3-L-W,19.00,24.00,11,,
vintage-tee-3,,,,,,,,,,,,,,,,,,https://cdn.shopify.com/s/files/1/0525/7530/5903/files/31343C_0efe7635-f590-44fd-b29e-c918d44d8ef5.png?v=1783603586,
vintage-tee-3,,,,,,,,,,,,,,,,,,https://cdn.shopify.com/s/files/1/0525/7530/5903/files/31343C_484f4f0f-ecc1-406d-96b0-2c6f7149dd3a.png?v=1783603587,
vintage-tee-3,,,,,,,,,,,,,,,,,,https://cdn.shopify.com/s/files/1/0525/7530/5903/files/31343C_f3923702-91b3-4fac-a623-ff66513f5f05.png?v=1783603586,
vintage-tee-3,,,,,,,,,,,,,,,,,,https://cdn.shopify.com/s/files/1/0525/7530/5903/files/31343C_763d3874-3536-4387-877a-011e576f7c20.png?v=1783603586,
vintage-tee-3,,,,,,,,,,,,,,,,,,https://cdn.shopify.com/s/files/1/0525/7530/5903/files/31343C_cebefcea-006e-49d2-b725-6e37cbde6883.png?v=1783603587,
vintage-tee-3,,,,,,,,,,,,,,,,,,https://cdn.shopify.com/s/files/1/0525/7530/5903/files/31343C_bfe6bf62-cb3d-443a-a7dd-f8e1afeef242.png?v=1783603586,
vintage-tee-3,,,,,,,,,,,,,,,,,,https://cdn.shopify.com/s/files/1/0525/7530/5903/files/31343C_79aacdcc-d664-4686-9413-b6afc51cf3c2.png?v=1783603586,
vintage-tee-6,Vintage Tee #6,<p>The <strong>finest item 6</strong> from our old store.</p>,dataengine,,,"migrated-test, migratorpro-6de4650d",TRUE,Size,S,Color,Black,,,TEE-6-S-B,20.00,25.00,6,https://cdn.shopify.com/s/files/1/0525/7530/5903/files/31343C_545aa791-76f6-4205-bdd6-9f7355a89803.png?v=1783603590,active
vintage-tee-6,,,,,,,,,S,,White,,,TEE-6-S-W,21.00,26.00,7,,
vintage-tee-6,,,,,,,,,M,,Black,,,TEE-6-M-B,19.00,24.00,8,,
vintage-tee-6,,,,,,,,,M,,White,,,TEE-6-M-W,20.00,25.00,9,,
vintage-tee-6,,,,,,,,,L,,Black,,,TEE-6-L-B,21.00,26.00,10,,
vintage-tee-6,,,,,,,,,L,,White,,,TEE-6-L-W,19.00,24.00,11,,
vintage-tee-6,,,,,,,,,,,,,,,,,,https://cdn.shopify.com/s/files/1/0525/7530/5903/files/31343C_aa6c49ad-f6a7-486e-9233-4ad49d0fe0ad.png?v=1783603590,
vintage-tee-6,,,,,,,,,,,,,,,,,,https://cdn.shopify.com/s/files/1/0525/7530/5903/files/31343C_27a31ebb-a2bb-478e-b4a5-87568f8e353a.png?v=1783603590,
vintage-tee-6,,,,,,,,,,,,,,,,,,https://cdn.shopify.com/s/files/1/0525/7530/5903/files/31343C_7b7c1cc7-a275-4946-b1ed-b02ca70321a1.png?v=1783603590,
vintage-tee-6,,,,,,,,,,,,,,,,,,https://cdn.shopify.com/s/files/1/0525/7530/5903/files/31343C_fb4c271d-103b-4025-bda7-1d987671b222.png?v=1783603590,
vintage-tee-6,,,,,,,,,,,,,,,,,,https://cdn.shopify.com/s/files/1/0525/7530/5903/files/31343C_c6b0454c-1d23-40a7-b582-97718917ae7d.png?v=1783603590,
vintage-tee-6,,,,,,,,,,,,,,,,,,https://cdn.shopify.com/s/files/1/0525/7530/5903/files/31343C_333c2734-679a-42c9-99ae-e0eac141438a.png?v=1783603590,
vintage-tee-6,,,,,,,,,,,,,,,,,,https://cdn.shopify.com/s/files/1/0525/7530/5903/files/31343C_057f510f-a757-46a2-8c8b-0349837c2864.png?v=1783603590,
vintage-tee-9,Vintage Tee #9,<p>The <strong>finest item 9</strong> from our old store.</p>,dataengine,,,"migrated-test, migratorpro-6de4650d",TRUE,Size,S,Color,Black,,,TEE-9-S-B,20.00,25.00,6,https://cdn.shopify.com/s/files/1/0525/7530/5903/files/31343C_980844ab-8eed-4e98-a6a8-60d01da2d96c.png?v=1783603593,active
vintage-tee-9,,,,,,,,,S,,White,,,TEE-9-S-W,21.00,26.00,7,,
vintage-tee-9,,,,,,,,,M,,Black,,,TEE-9-M-B,19.00,24.00,8,,
vintage-tee-9,,,,,,,,,M,,White,,,TEE-9-M-W,20.00,25.00,9,,
vintage-tee-9,,,,,,,,,L,,Black,,,TEE-9-L-B,21.00,26.00,10,,
vintage-tee-9,,,,,,,,,L,,White,,,TEE-9-L-W,19.00,24.00,11,,
vintage-tee-9,,,,,,,,,,,,,,,,,,https://cdn.shopify.com/s/files/1/0525/7530/5903/files/31343C_ad00b5df-8672-4c64-a943-ed9455474b81.png?v=1783603593,
vintage-tee-9,,,,,,,,,,,,,,,,,,https://cdn.shopify.com/s/files/1/0525/7530/5903/files/31343C_7ed7c39c-59c8-443b-b35f-d3760c1ce182.png?v=1783603593,
vintage-tee-9,,,,,,,,,,,,,,,,,,https://cdn.shopify.com/s/files/1/0525/7530/5903/files/31343C_e2d5da83-f147-48f7-8bec-52caf3641bc0.png?v=1783603593,
vintage-tee-9,,,,,,,,,,,,,,,,,,https://cdn.shopify.com/s/files/1/0525/7530/5903/files/31343C_8c07fc25-b062-4f41-ae32-23e98f42c771.png?v=1783603593,
vintage-tee-9,,,,,,,,,,,,,,,,,,https://cdn.shopify.com/s/files/1/0525/7530/5903/files/31343C_490c3f0a-5376-43e1-9429-6e0f180244d3.png?v=1783603593,
vintage-tee-9,,,,,,,,,,,,,,,,,,https://cdn.shopify.com/s/files/1/0525/7530/5903/files/31343C_856b3e87-cb4a-4029-9716-295b68c6663d.png?v=1783603593,
vintage-tee-9,,,,,,,,,,,,,,,,,,https://cdn.shopify.com/s/files/1/0525/7530/5903/files/31343C_1b898df9-e13a-4ce2-8e16-227e11cbf6f3.png?v=1783603593,
vintage-tee-12,Vintage Tee #12,<p>The <strong>finest item 12</strong> from our old store.</p>,dataengine,,,"migrated-test, migratorpro-6de4650d",TRUE,Size,S,Color,Black,,,TEE-12-S-B,20.00,25.00,6,https://cdn.shopify.com/s/files/1/0525/7530/5903/files/31343C_1f6c7932-851d-4a35-94db-38bab659e560.png?v=1783603598,active
vintage-tee-12,,,,,,,,,S,,White,,,TEE-12-S-W,21.00,26.00,7,,
vintage-tee-12,,,,,,,,,M,,Black,,,TEE-12-M-B,19.00,24.00,8,,
vintage-tee-12,,,,,,,,,M,,White,,,TEE-12-M-W,20.00,25.00,9,,
vintage-tee-12,,,,,,,,,L,,Black,,,TEE-12-L-B,21.00,26.00,10,,
vintage-tee-12,,,,,,,,,L,,White,,,TEE-12-L-W,19.00,24.00,11,,
vintage-tee-12,,,,,,,,,,,,,,,,,,https://cdn.shopify.com/s/files/1/0525/7530/5903/files/31343C_8cf40b7a-79a0-475a-b19a-a7f3ffd85046.png?v=1783603597,
vintage-tee-12,,,,,,,,,,,,,,,,,,https://cdn.shopify.com/s/files/1/0525/7530/5903/files/31343C_31ce5beb-f235-410d-a4dc-6ec151d66fec.png?v=1783603597,
vintage-tee-12,,,,,,,,,,,,,,,,,,https://cdn.shopify.com/s/files/1/0525/7530/5903/files/31343C_4e0dc09b-0de0-4495-833f-3a5eddc5de61.png?v=1783603597,
vintage-tee-12,,,,,,,,,,,,,,,,,,https://cdn.shopify.com/s/files/1/0525/7530/5903/files/31343C_f8598837-2cec-4548-8c0f-51c3d5f36333.png?v=1783603599,
vintage-tee-12,,,,,,,,,,,,,,,,,,https://cdn.shopify.com/s/files/1/0525/7530/5903/files/31343C_b592dbef-1156-4e74-a331-ee82d9034b3c.png?v=1783603597,
vintage-tee-12,,,,,,,,,,,,,,,,,,https://cdn.shopify.com/s/files/1/0525/7530/5903/files/31343C_59a6e9ab-3634-4b79-8f6e-986961ad8122.png?v=1783603597,
vintage-tee-12,,,,,,,,,,,,,,,,,,https://cdn.shopify.com/s/files/1/0525/7530/5903/files/31343C_ed00111a-393e-45ce-80d2-e35db505c48a.png?v=1783603597,
vintage-tee-15,Vintage Tee #15,<p>The <strong>finest item 15</strong> from our old store.</p>,dataengine,,,"bestseller, migrated-test, migratorpro-6de4650d",TRUE,Size,S,Color,Black,,,TEE-15-S-B,20.00,25.00,6,https://cdn.shopify.com/s/files/1/0525/7530/5903/files/31343C_db554b39-a661-4e68-8843-486047896118.png?v=1783603600,active
vintage-tee-15,,,,,,,,,S,,White,,,TEE-15-S-W,21.00,26.00,7,,
vintage-tee-15,,,,,,,,,M,,Black,,,TEE-15-M-B,19.00,24.00,8,,
vintage-tee-15,,,,,,,,,M,,White,,,TEE-15-M-W,20.00,25.00,9,,
vintage-tee-15,,,,,,,,,L,,Black,,,TEE-15-L-B,21.00,26.00,10,,
vintage-tee-15,,,,,,,,,L,,White,,,TEE-15-L-W,19.00,24.00,11,,
vintage-tee-15,,,,,,,,,,,,,,,,,,https://cdn.shopify.com/s/files/1/0525/7530/5903/files/31343C_87e5118b-82ef-4be6-9367-6f33410de2fb.png?v=1783603600,
vintage-tee-15,,,,,,,,,,,,,,,,,,https://cdn.shopify.com/s/files/1/0525/7530/5903/files/31343C_bb4c8183-1936-41d5-b22d-5a3686221e5c.png?v=1783603600,
vintage-tee-15,,,,,,,,,,,,,,,,,,https://cdn.shopify.com/s/files/1/0525/7530/5903/files/31343C_bb960e6f-9c94-4914-93b1-f2e25c99df50.png?v=1783603600,
vintage-tee-15,,,,,,,,,,,,,,,,,,https://cdn.shopify.com/s/files/1/0525/7530/5903/files/31343C_5526ca9a-9d0a-419d-832c-007b004548af.png?v=1783603601,
vintage-tee-15,,,,,,,,,,,,,,,,,,https://cdn.shopify.com/s/files/1/0525/7530/5903/files/31343C_7fc6c478-0e4c-4410-a529-25fce94789c3.png?v=1783603600,
vintage-tee-15,,,,,,,,,,,,,,,,,,https://cdn.shopify.com/s/files/1/0525/7530/5903/files/31343C_9ef10b3b-a456-4608-a95e-c40c6956045a.png?v=1783603600,
vintage-tee-15,,,,,,,,,,,,,,,,,,https://cdn.shopify.com/s/files/1/0525/7530/5903/files/31343C_be323c3b-c17a-4339-86c6-c64d66949b52.png?v=1783603600,
vintage-tee-18,Vintage Tee #18,<p>The <strong>finest item 18</strong> from our old store.</p>,dataengine,,,"migrated-test, migratorpro-6de4650d",TRUE,Size,S,Color,Black,,,TEE-18-S-B,20.00,25.00,6,https://cdn.shopify.com/s/files/1/0525/7530/5903/files/31343C_6e0d016c-5bb9-4628-b1f0-34e2a6a8def8.png?v=1783603604,active
vintage-tee-18,,,,,,,,,S,,White,,,TEE-18-S-W,21.00,26.00,7,,
vintage-tee-18,,,,,,,,,M,,Black,,,TEE-18-M-B,19.00,24.00,8,,
vintage-tee-18,,,,,,,,,M,,White,,,TEE-18-M-W,20.00,25.00,9,,
vintage-tee-18,,,,,,,,,L,,Black,,,TEE-18-L-B,21.00,26.00,10,,
vintage-tee-18,,,,,,,,,L,,White,,,TEE-18-L-W,19.00,24.00,11,,
vintage-tee-18,,,,,,,,,,,,,,,,,,https://cdn.shopify.com/s/files/1/0525/7530/5903/files/31343C_4c29f537-0d2c-4126-9deb-f889281f5cea.png?v=1783603604,
vintage-tee-18,,,,,,,,,,,,,,,,,,https://cdn.shopify.com/s/files/1/0525/7530/5903/files/31343C_1c2d976d-e235-4418-88b4-a20e3643260b.png?v=1783603604,
vintage-tee-18,,,,,,,,,,,,,,,,,,https://cdn.shopify.com/s/files/1/0525/7530/5903/files/31343C_c6c279fa-42aa-4dbe-b018-51071e76a605.png?v=1783603604,
vintage-tee-18,,,,,,,,,,,,,,,,,,https://cdn.shopify.com/s/files/1/0525/7530/5903/files/31343C_4a6e4d30-e069-4b99-906e-08367ed9b8e9.png?v=1783603604,
vintage-tee-18,,,,,,,,,,,,,,,,,,https://cdn.shopify.com/s/files/1/0525/7530/5903/files/31343C_965e5c99-e4d5-4055-9c23-988ab516ac98.png?v=1783603604,
vintage-tee-18,,,,,,,,,,,,,,,,,,https://cdn.shopify.com/s/files/1/0525/7530/5903/files/31343C_602f9d30-e18d-40c0-b720-e1e127572929.png?v=1783603604,
vintage-tee-18,,,,,,,,,,,,,,,,,,https://cdn.shopify.com/s/files/1/0525/7530/5903/files/31343C_54707b14-cc3c-466c-bb88-8177b00c4853.png?v=1783603604,
vintage-tee,Vintage Tee,<p>The Vintage Tee — a sandbox product for migration testing.</p>,dataengine,,Tees,"cotton, Tees, vintage",TRUE,Title,Default Title,,,,,VT-001,19.99,,0,,active
